filter,ic,n,corr,cons
25,9.53054428100586,380,-0.20519738815812594,nnGnTCCTnCnAGGG
114,10.013504028320312,389,-0.17927133970891207,TnnTGnGGCAGCnGT
154,8.795531272888184,387,-0.1619354033703386,nGAnnnGAnGAAGCT
150,9.970254898071289,392,-0.16062629842367063,nnCCTnCnTGCTnAG
42,11.547409057617188,393,0.1484993775635292,AnTTAGATTTTnCTA
44,10.462640762329102,393,-0.1455647264319476,nGGnCTGCAnnnAGn
97,8.684932708740234,400,-0.1449056148040214,nAGGCTAnnAGnnGT
111,9.624969482421875,389,-0.1299309693594702,GCCTnnGAnGCAGAn
6,9.654799461364746,372,-0.12552147152727258,GTTnnAnnTGCCTGn
64,10.190836906433105,184,-0.12419166366494434,GnGnTGGAnnnCnAA
5,10.873602867126465,319,-0.12394550280096119,TTGCnCAGnGCAGCA
54,11.034605026245117,390,0.12204802812968989,nnAAATTAnTTGTGA
81,10.377241134643555,391,-0.12198454254371445,CCTGCTGAAnnAAAn
129,11.17259407043457,394,0.1216732258394951,nCAnACAAnTATTTC
103,10.119890213012695,388,-0.11635140394117655,CAATnCTTTnnGAAG
188,9.312206268310547,395,-0.11382596060752057,nnTTCGnAGAGnTnC
159,9.833232879638672,397,-0.10963679678326653,TTGACAnCnnCAGnG
59,10.045022010803223,337,-0.10023043291284148,nAAGTAGTCnAGnnn
17,9.93185806274414,391,-0.09989455250565742,ATnnnnCTGTAGnTC
4,9.783408164978027,397,0.09908708723449113,TATnAnAnCnnTATG
47,10.039034843444824,397,-0.09900540053791203,TTCnAnGAnGnnAnA
172,10.107823371887207,399,-0.0982542923976578,AACnnTTnAnAGAnG
151,11.200660705566406,398,0.09821382394067325,GnGnAnATTTAnGnA
39,9.52233600616455,396,-0.09818900514250065,AnGAnnnCAGGTTCn
176,11.314260482788086,398,0.09552680735489186,TCnTTATAnnnTAAA
89,9.522053718566895,396,-0.09465263984705222,TGnnnnGGCTnATTG
107,10.5472993850708,398,0.09322152511099899,CAnATnTnnTnAnAC
26,9.33222484588623,394,-0.09258305384847665,nAACnnAGnATGACn
106,10.724963188171387,390,-0.09212872168614407,nTTTnAAGAGAnAnn
117,10.673169136047363,386,0.09198076005529865,AnAATATACTTAnnn
119,10.809657096862793,392,-0.09063561720534756,CTGnAGAnnATCTTn
63,11.204421043395996,390,0.09022583211063542,CATATTTnnAAnnAC
133,9.523674011230469,393,-0.08820576864180013,nGAnGAnnnTGnnTC
31,11.278730392456055,397,0.08804234765707364,nAAATCATnnnnTTA
68,10.068750381469727,395,-0.08683772140677923,TCTAnAAnnTnGnnn
164,9.699735641479492,393,-0.08532611304387906,GTTGnTTGnTGCCAn
8,10.005114555358887,385,-0.08359411023178355,nTTCCTTGnAGnGnA
16,11.162415504455566,396,0.08339036461094,nCATCnATAAATAAn
96,9.797409057617188,397,-0.08212784138145016,GAnGnnAnnGAATTT
166,11.289602279663086,398,0.08190575390909802,TGTCTnAAATnnTTA
143,8.75437068939209,399,-0.08021672827160435,CTnnnACnAnGnTnG
23,10.222990036010742,327,-0.07842490918721771,nnTGnAGTCAnCAnT
140,10.385147094726562,224,-0.0782128885397264,TCCnTAnnAGGnTAA
167,9.982637405395508,393,-0.07817247622577644,GCnnGTAnnTCTnTT
19,11.200488090515137,391,0.0763112386213752,AGCTATnTnCATGTA
38,9.011820793151855,392,-0.07549672951775357,nnTCTTnACnTGnCC
121,8.956785202026367,382,-0.07542456143005463,TGAnnAAnnATnCTn
169,9.466262817382812,396,-0.07463557272960897,TAnCAGnTTTCnnnC
73,10.753196716308594,391,-0.07437192690641418,nCTnATTCnTCAnnT
76,10.90372085571289,399,0.07436356247042512,TAACTnATnnnnCTn
86,10.237615585327148,396,-0.07402116922920764,TGnAGTnATnnGGAn
27,11.008781433105469,391,0.07311781757587399,nnTnAnAAGCATAGn
66,11.008720397949219,397,0.07295234380726799,TCATTAGTnATTnTA
34,10.076374053955078,394,-0.07188245695316553,nGCAGCATGCCTnGT
184,9.773492813110352,396,-0.07161661055773048,AGnTGnnnTnCnGnA
158,9.824867248535156,386,-0.07126457127800787,nnATGTTCATCnCAA
55,10.873087882995605,396,0.0689517376924649,GGTCTAnnnAGAnAT
12,10.376605987548828,394,-0.06892160567588651,CTTGnnAnATCAATn
155,10.158639907836914,394,-0.06865944352443765,CnGTnnCTTnnAnAn
153,9.991562843322754,389,-0.06813164742038341,TnAnTTCAnTCCATA
56,10.31840991973877,389,-0.06759718020606109,TnCnGTnnTGnTACA
116,10.354491233825684,396,-0.0655942761693423,nAnCAGTAGAAnCTn
50,10.170662879943848,394,0.06491579916273106,CTTAnCTnAnAnTAT
49,10.251100540161133,395,0.0642761000523898,nnAnTTAnAnnTACA
139,10.612454414367676,400,0.06281517771825733,AnnCnGTATTATCCA
109,11.229207992553711,393,0.059741168388799365,nTnTTTGAAAAnnTA
190,10.500826835632324,395,0.05966213450535851,TAnTGTGAAnTnnTC
95,10.67387866973877,389,-0.059491564051517044,nTCATGTGTTnnnTn
126,10.624422073364258,397,-0.05863704895201331,nGCnnTTCTnnAnTA
18,11.130620956420898,389,0.058485931070804645,AnATAAACTGCAnTn
80,10.077644348144531,398,-0.05789643670443264,nnnnnGCnnGTCAGA
105,10.429909706115723,391,-0.056444428000784946,AnnnTGCAGACTnCA
90,10.038495063781738,396,0.05621823486784632,nTTAGnnnTTATnnT
88,10.257984161376953,397,-0.0560588766571746,CATTnCAGnTATnnA
35,10.451091766357422,390,-0.05543557482887481,TnnCAnTTGACnCCA
36,10.746234893798828,387,0.05486522518159221,TCnAnTGTATnTGnA
180,9.966297149658203,380,-0.05430742472030039,TAnTAGnCTTTCnAn
13,10.50394058227539,391,-0.05387832457725657,nAGnTTnCAGCAGTn
132,10.45819091796875,397,-0.05361774128576307,CACAnTnAGnnnCTG
122,9.915159225463867,370,-0.052589105193447706,CTnGAnnCTnAAGnn
152,10.02743911743164,392,-0.052268496126288574,CnGCAnnnCCTGnAT
110,10.281283378601074,398,0.05182038316237052,AGTATTnnTnTnnTG
137,10.989959716796875,381,0.05154434471083134,nTTnnTAGAnAnCAn
91,10.046310424804688,399,-0.0511222529710515,nnTnAGTnGTAGGAA
145,10.397558212280273,399,-0.049439084992650366,ACAnnCATGCTGAGn
177,11.154747009277344,397,0.049324265894583184,ATTGTnAGAnATnAn
104,10.172599792480469,400,-0.04645570010498371,ATAnnCAnnATnCTC
1,10.489041328430176,397,-0.04575971397313496,nGGAAnnCAAGnAAA
93,10.217629432678223,399,0.04511097103747483,ATTAnnTGTGTCnnG
43,10.06450366973877,387,-0.04469550698516981,CTnGCnAAGnTnTnG
120,11.482513427734375,134,-0.042395864950614155,AAnnCAnTTCTATCG
189,10.608394622802734,398,0.04201812639701734,GnAnATTTnGAATGA
187,10.642688751220703,390,-0.04171130127488455,TCACAATGATnTnCA
179,10.112006187438965,390,-0.04085094412040156,nnAAnCnGnAnTTCT
77,9.904816627502441,392,-0.04068630965290203,AnCnnCnnCATGACn
7,11.206872940063477,395,-0.03948395936064379,TTGCATTnCACAAAT
173,9.991734504699707,392,0.03923197415533054,nGnACTAnTnTnAGA
29,10.25853443145752,385,0.03897389802567723,nAAGCTTTTnGAATn
113,9.725775718688965,398,-0.03881745187194831,TAGnAAnnCTCAnAT
37,9.98965835571289,399,-0.03842788767667571,nnTCnTATAGTAGnT
182,10.61829662322998,367,0.03787639823598399,TnAATGTGAACACTG
148,10.066420555114746,393,0.03748079738773622,CATTGnACnTGnTnA
11,10.02358341217041,397,-0.03709369544569793,nnTGTAGAnTCnnTT
162,10.114988327026367,398,-0.03655880047005614,nnTGGAnCTACAGAA
149,10.556656837463379,393,-0.03638514715221135,nCTGnnAnAnnTGnA
125,9.697956085205078,347,-0.03594167869964,TCnCAACATnnTnCT
9,9.203310012817383,397,-0.035252391045793564,GGTCTAnAnnCnATn
163,10.381762504577637,397,-0.03456209205090755,nATTnGCAAGAGnnT
160,10.6651611328125,394,-0.033732894774502684,TnGnCTCTnAAnTTA
146,10.507205963134766,400,0.03370464318398173,TnACTnTATnCCTGA
10,10.018145561218262,393,-0.033274800435497846,CCTnnTnTnnAnAGA
69,10.138162612915039,392,-0.03293455276487759,nTGTnTCAACCATGA
45,11.370895385742188,385,0.032558500422584846,AnnTTTCACATnTnC
75,10.400893211364746,396,0.032338539444090264,TnAnATACACnAnGA
127,10.636643409729004,399,0.032320408015352804,AnCAnnnnTTnAnTn
83,11.472640037536621,398,0.03198471174724268,AAnTACAnTTnnAnT
84,9.906698226928711,396,0.031660620960687336,CCAAnnnTnTTAGTA
101,10.5870943069458,396,0.03161051643798453,nTTAATCTTGAnTGn
60,10.537895202636719,396,0.03078416113557106,GnGAnTATGnnTAnG
62,9.742463111877441,393,-0.03064362629156635,AAATnCnAnTAnGGn
33,10.233339309692383,394,-0.03044087891472788,CnAAAnTGAATTnnG
79,9.151639938354492,388,-0.030081730900509765,TTnnnnTCGTGCATC
134,9.838473320007324,392,-0.02963598938706724,TTnGAAnATCTAnTC
21,10.71105670928955,399,0.02931437824247403,GCAnnTnAAATAnTG
40,9.739086151123047,396,-0.028575114902905385,TACAGGTGCnnAnTn
168,9.912429809570312,379,-0.028225492509359726,nTnGnTGnATGnGTC
15,11.208332061767578,400,0.027841482430801683,GAAnAnTnGTTnnTA
14,9.308213233947754,398,-0.027469979644256595,TAAnnnnnnCTAnGn
102,10.603715896606445,342,-0.02679168468284427,AnATnTTCAAnnATn
22,9.883157730102539,251,-0.026241255134364486,TnGGTAAnCTnnAnC
58,11.00336742401123,388,0.026202960783437375,ATTTACAGnAGAnAn
181,9.82645034790039,397,-0.02544461831829546,GnnAACTnAnTTAnA
178,9.379327774047852,400,0.02448453191212952,TGAGTnnATAAGTAC
61,11.057395935058594,394,0.02441752448924438,TCTCTGTACnnnnAG
78,10.254316329956055,374,-0.02383800059958133,TnGTGnAAAATAnTG
118,10.854832649230957,397,-0.023536429078540946,AnTCAnGTTATCnGT
144,10.609055519104004,397,-0.023346101154400285,nAAnCTGTnnCTnTA
65,10.212421417236328,396,-0.023117498562242378,nAAAnTACTCnTTGn
67,9.867738723754883,398,-0.022756591695757836,TACnGAnTnTnTnTA
72,9.627964973449707,397,-0.022052387547490174,nGnnGAnTAnAnTTn
186,10.764344215393066,395,-0.020859573566912103,nAAnnATnCAGGTAG
141,10.121155738830566,399,-0.020827986477292452,GAnCTGGCACCAnnT
94,9.429096221923828,395,0.02068283841125155,nnGGTAnATGAGnnT
131,10.817094802856445,389,-0.02047445922004189,TnCTGnAnnGnATAn
57,11.082038879394531,388,0.020340530593041743,nCATnGCAAnCAnAT
123,10.854928970336914,398,0.020288942153101494,nCATTTTCAAAAnTn
85,10.035738945007324,394,0.020098162867222606,nTGnTAGTCnATnnn
175,10.966595649719238,246,-0.02004870004228937,AGnnnCTCTAATnTn
32,9.84375,390,-0.020037877297445248,nnnAnAGTnTGTTCA
3,10.015766143798828,392,0.019188442801677964,TAnnAnTnGTAGCAT
128,9.695928573608398,395,-0.017974879553524243,nTAGATAGnGACAAn
0,10.603399276733398,334,-0.017527861035537978,ATTnTCTGTACnGAT
100,11.108126640319824,399,0.015917595144711815,AnTGCAATTnnAnnn
108,10.443008422851562,396,0.015696554668409843,TGTGnTnnACnnTAT
191,10.036619186401367,396,0.014798647255759932,GTnAnnnATnnnAAC
165,10.884077072143555,398,0.01436308368201031,TGnTCAnAnACTnTn
28,10.438112258911133,398,-0.01422037639186602,CTCTGCTnnAnCAnA
20,11.925649642944336,398,-0.013648554961884376,AAATnTTnnTTTCTT
157,9.748746871948242,398,0.01304598999715993,nATCTnATnnAnCAC
142,10.744019508361816,398,0.012987632482831156,GCAnAnAnnnTnTCA
124,9.629813194274902,399,-0.012905530285085337,ATnnTTGnTnnAGnT
2,10.08869457244873,385,0.012420059602701936,nATGnTGCTAnnnTA
138,9.748056411743164,395,0.012112740067290283,TAAnACnTGnACTnn
174,10.226491928100586,399,0.012024836127446597,TAATnTCTnnnACAG
74,11.280765533447266,399,0.011941504942147574,nAATATnTTGCCTCA
48,10.164725303649902,399,-0.011447681268306364,CATTnAnnACATGTn
115,9.373992919921875,379,-0.010694018757046531,TnnTCnnACTAGTCn
112,11.0018949508667,180,0.0105394232469171,CTATAGnATnTAACC
24,10.529315948486328,399,0.010137495608101644,TTGTnTTTGnnnATG
87,9.608942031860352,397,0.009760336480766468,CTACTCAnTnATnGn
171,10.169347763061523,397,-0.008633139602001101,TCTnAGGTCTGCAnn
41,10.450308799743652,393,-0.008185479587548016,nCTGTnnGTAnnAnA
70,9.549447059631348,397,-0.007653075028718878,AnnnTTAnAACTnGC
82,10.341801643371582,392,0.007498174283900807,nnAnATTTGAnCTnn
147,10.161540985107422,391,0.007213827913871488,nTnAnTGAnnTnnAA
30,10.429481506347656,399,0.006833995946813389,CCnTGAGGTTTTAAT
52,10.380311012268066,382,-0.006650025926130498,nnnnnnnCATGACTA
185,9.544315338134766,222,-0.006582245532451107,nTTAAGTnGATGGnA
51,10.313384056091309,396,0.005815216764365543,AnTTTAAGnnnnATG
130,10.289417266845703,397,0.00567401889492223,ATnGnnAnCATGCnn
46,11.029241561889648,393,0.005527688454969363,nTnTTGCATTnACAG
156,10.497442245483398,395,-0.004891142995332377,GTAnAAnnnAGATGG
98,10.39312744140625,395,0.004476552386618861,nCTnnTAAnGnATAT
53,9.715356826782227,397,-0.004464535903547756,CATTnAGTGTnGAnn
135,10.596729278564453,394,-0.0040024302541059684,CTnATCTnTAAnnGA
71,10.43934154510498,370,0.003186481446883567,GTAnCnTGnnnTnAT
136,10.754045486450195,395,0.0027990096968654303,GnnTAnTTAGCTnTT
170,10.414377212524414,385,0.002312878068534425,CAnAGTnTGGGACTn
92,9.947604179382324,395,-0.002240128991821047,nACCTnnGnnTATTn
161,10.416533470153809,398,0.0017174261218320152,nAnnnnCTAnGCAnT
183,10.022637367248535,396,-0.001240158610697522,nTnnCnTnnCATAGT
99,9.953118324279785,398,0.0006129417917187192,nCATnAnTnTAGnCC
