rsid,chrom,pos,ref,alt,ref_activity,variant_delta,variant_pctile_of_all_muts,variant_is_hotspot,most_disruptive_delta,most_disruptive_pos,most_disruptive_base,motif
rs75056300,chr1,205486274,C,T,1.121,-0.0755,97.5,True,-0.1734,12,C,
rs59626742,chr10,44963999,T,A,0.961,-0.0868,96.7,True,-0.1696,209,G,
rs72751726,chr1,229410095,C,T,0.922,0.0093,34.0,False,-0.1006,150,T,
rs2297831,chr1,230798152,C,G,0.769,0.0072,35.3,False,-0.0495,127,T,
rs8062610,chr16,21245361,C,G,0.866,0.011,36.7,True,-0.145,138,A,
rs2883420,chr10,86851365,T,A,0.861,0.0025,12.7,False,-0.1458,237,A,SOX2
rs11124519,chr2,36589632,A,C,1.288,-0.022,82.7,False,-0.1648,20,T,
rs4713120,chr6,27754056,C,A,0.772,-0.0087,60.1,False,-0.0727,178,T,ATF2
rs59942146,chr1,151001835,G,A,0.754,-0.0055,43.5,False,-0.0359,89,A,
rs6689034,chr1,208272843,G,A,0.863,-0.0218,73.8,False,-0.1164,202,T,
rs11581381,chr1,202126399,C,A,1.02,-0.0607,93.1,False,-0.1592,46,A,PAX5
rs147596972,chr15,45873719,G,A,0.728,0.0152,57.2,False,-0.0494,41,G,
rs4821631,chr22,37334714,G,A,1.051,-0.0122,68.8,False,-0.1244,262,C,KLF6
rs60771054,chr16,83744519,C,T,0.953,-0.0873,95.7,False,-0.1392,70,G,
rs6752910,chr2,104944829,C,A,0.861,-0.0136,51.9,False,-0.1551,44,T,
rs2453596,chr17,19580258,A,C,0.581,-0.0173,93.2,False,-0.0346,133,C,
rs79804582,chr1,8312385,G,A,0.891,-0.0905,99.6,True,-0.106,80,G,
rs78821299,chr16,66948353,G,A,0.793,-0.01,44.9,True,-0.0489,253,G,
rs2521755,chr7,24709604,T,A,0.787,0.0347,85.2,False,-0.0975,171,G,IRF3
rs881318,chr21,44958532,G,A,0.814,-0.0223,76.3,False,-0.0576,35,C,PPARG
rs1982068,chr5,172437160,G,A,0.849,-0.0417,80.9,False,-0.0856,236,G,RORA
rs9911324,chr17,43694637,G,C,0.858,-0.0304,67.5,False,-0.1054,30,G,NR5A2
rs11080641,chr18,13279494,T,A,1.014,-0.1219,97.7,True,-0.1984,39,A,SMARCA1
rs6553938,chr4,176231271,T,C,0.815,0.0007,3.8,False,-0.0992,197,G,
rs182761120,chr9,124796480,C,T,1.188,-0.0332,66.3,False,-0.1828,57,G,
rs73541189,chr19,5182668,G,A,0.92,0.0163,45.6,False,-0.1227,264,C,
rs10749190,chr10,116164362,C,A,1.398,0.0119,45.6,False,-0.3569,257,G,ZNF250
rs112571460,chr4,139922703,A,G,0.804,0.0206,74.9,False,-0.108,252,C,
rs113114378,chr17,77235281,A,C,0.82,0.0748,99.1,True,-0.0873,27,C,ZFP28
rs73799827,chr4,15382698,C,A,1.315,-0.0248,78.9,False,-0.2453,238,G,
