query,best_TF,p_value,q_value,top3_TFs
filter41_nCTGTnnGTAnnAnA,MA0140.3_GATA1::TAL1,1.3470105575397184e-06,0.0011840222800774125,"GATA1::TAL1, ZNF582, Tfcp2l1"
filter152_CnGCAnnnCCTGnAT,MA1929.2_CTCF,2.049225789946263e-06,0.001801269469362765,"CTCF, CTCF, Ddit3::Cebpa"
filter114_TnnTGnGGCAGCnnT,MA1521.2_MAFA,3.271227054124637e-06,0.002875408580575556,"MAFA, MAF, Mafg"
filter100_ACTGCAATTTnAnnn,MA1929.2_CTCF,3.2821457440768143e-06,0.0028850061090435197,"CTCF, CTCF, ZNF354A"
filter118_AnnCAnGTTAnCnGT,MA0897.2_Hmx2,3.5332695624834543e-06,0.0031057439454229563,"Hmx2, ZNF354A, RORB"
filter170_CAnAGTnTGGGAnTn,MA1930.2_CTCF,3.5430294039739962e-06,0.0031143228460931427,"CTCF, CTCF, ZNF354A"
filter188_AnTTCGnAGAGnTnC,MA1929.2_CTCF,4.6335481664883105e-06,0.004072888838343225,"CTCF, CTCF, ZNF354A"
filter163_nATTnGCAnGAGnnT,MA0142.1_Pou5f1::Sox2,4.655355483773604e-06,0.004092057470236998,"Pou5f1::Sox2, POU3F1, POU3F3"
filter10_CCTnnTCTnnAnAGA,MA0140.3_GATA1::TAL1,6.200492886576647e-06,0.005450233247300873,"GATA1::TAL1, CTCF, CTCF"
filter96_GAnGnnAnnGAATTT,MA1929.2_CTCF,8.029133753528761e-06,0.007057608569351781,"CTCF, CTCF, NR1I2"
filter6_GTTnnAnnTGCCTGn,MA1930.2_CTCF,8.031406163899746e-06,0.007059606018067877,"CTCF, ERF::HOXB13, CTCF"
filter5_TTGCnCAGnGCAGCA,MA1929.2_CTCF,8.04807014043174e-06,0.0070742536534394995,"CTCF, CTCF, GATA1::TAL1"
filter35_TnnCAnTTGACnCnA,MA1148.2_PPARA::RXRA,2.3516090512321064e-05,0.011602223887637209,"PPARA::RXRA, Pparg::Rxra, CTCF"
filter40_TACAGGTGCnnATTn,MA1929.2_CTCF,2.4233838206932923e-05,0.011819078544294093,"CTCF, CTCF, ZNF354A"
filter180_TAnTAGnCTTTCnAn,MA2120.1_ZNF184,1.860201524916949e-05,0.016351171404019982,"ZNF184, REL, TEAD3"
filter48_CATTnAnnACATGTn,MA1930.2_CTCF,1.863270570967579e-05,0.01637814831880502,"CTCF, CTCF, ZNF354A"
filter64_GnGnTGGAnnnCAAA,MA1714.2_ZNF675,1.9129757221292287e-05,0.01681505659751592,"ZNF675, Prdm5, CTCF"
filter111_GCCTnnnAnGCAGAn,MA1929.2_CTCF,3.537151147658957e-05,0.01837373127566222,"CTCF, PPARA::RXRA, CTCF"
filter164_GTTGnTTGnTGCAAn,MA1930.2_CTCF,2.1328135799136838e-05,0.01874743136744128,"CTCF, CTCF, DMRTA1"
filter56_TnCnGTnnTGnTACA,MA1478.2_DMRTA2,2.2941765092210353e-05,0.0201658115160529,"DMRTA2, DMRT3, DMRTA1"
filter145_ACAnnCATGCTGAGn,MA0117.3_Mafb,2.658642274300238e-05,0.022506399740035432,"Mafb, MAFF, NRL"
filter191_GTnAnnnATnnnAAC,MA1930.2_CTCF,2.7022689004230216e-05,0.02375294363471836,"CTCF, CTCF, RARA::RXRG"
filter108_TGTGnTnnACnnTAT,MA0002.3_Runx1,2.9686313216870097e-05,0.026094269317628815,"Runx1, Bcl11B, CTCF"
filter26_nnACnnAGnATGACn,MA1149.2_RARA::RXRG,3.0488033961995065e-05,0.026798981852593662,"RARA::RXRG, ESR2, RARA::RXRA"
filter138_TAAnACnTGnACTnn,MA1929.2_CTCF,3.285357833593405e-05,0.02796395768102622,"CTCF, ZNF354A, CTCF"
filter98_nCTnnTAAnGnATAT,MA0142.1_Pou5f1::Sox2,3.34944068275389e-05,0.029441583601406696,"Pou5f1::Sox2, POU3F1, POU5F1B"
filter97_nAnGCTAnnAGnnGT,MA0111.1_Spz1,3.967792829717709e-05,0.03301892708730564,"Spz1, CTCF, CTCF"
filter155_CnGTnnCTTnnnnAn,MA1930.2_CTCF,3.9458725762719915e-05,0.034684219945430805,"CTCF, CTCF, GATA1::TAL1"
filter68_TCTAGAAnnTnGnnn,MA0771.1_HSF4,4.010138944776642e-05,0.035249121324586685,"HSF4, GATA1::TAL1, HSF2"
filter79_TTnnnnTCGTGnATC,MA1978.2_ZNF354A,4.390897922168513e-05,0.03859599273586123,"ZNF354A, FOSL1::JUND, CTCF"
filter69_nTGTnTCAACCATGA,MA1929.2_CTCF,8.508770734672044e-05,0.04224112899438759,"CTCF, Tfcp2l1, PRDM9"
filter133_nGAnGAnnnTGnnTC,MA1929.2_CTCF,5.187385080096529e-05,0.04559711485404849,"CTCF, CTCF, FOSL1::JUND"
filter38_nnTCTTnACnTGnCC,MA1930.2_CTCF,0.00010861788536153938,0.048349430197376586,"CTCF, CTCF, CREB3L4"
filter143_nTnnnACnAnGnTnG,MA1930.2_CTCF,5.919000941423391e-05,0.05202801827511161,"CTCF, CTCF, Pgr"
filter73_nCTnATTCnTCAnCT,MA1929.2_CTCF,9.585194985872736e-05,0.05222520260370972,"CTCF, ZNF354A, CTCF"
filter86_TGnAGTnATnnGGAn,MA1929.2_CTCF,6.028838189797714e-05,0.052993487688321905,"CTCF, FOSL1::JUND, ZNF354A"
filter14_TAAnnnnAnCTAnGn,MA1978.2_ZNF354A,6.259240542494382e-05,0.05501872436852562,"ZNF354A, CTCF, CTCF"
filter103_CAATnCTTTnnGAAG,MA1929.2_CTCF,6.591403295841403e-05,0.05793843497044593,"CTCF, CTCF, PAX6"
filter4_TATnAnAnCnnTATG,MA1471.2_BARX2,7.121317715297337e-05,0.0625963827174636,"BARX2, GATA1::TAL1, ZNF354A"
filter0_ATTnTCTGTnCnGAT,MA0140.3_GATA1::TAL1,7.299174129093977e-05,0.06415974059473606,"GATA1::TAL1, CTCF, Pou5f1::Sox2"
filter17_nTnnTnCTGTAGnnC,MA1929.2_CTCF,0.00013152843180697094,0.07076394729442226,"CTCF, CTCF, Nr1h3::Rxra"
filter156_GTAnAAnnnAGATnG,MA0140.3_GATA1::TAL1,0.00011885950380707833,0.07286269283075009,"GATA1::TAL1, CTCF, RARA::RXRG"
filter66_TnATTAGTnATTnTA,MA1137.2_FOSL1::JUNB,0.00016532626673770867,0.0789572010742367,"FOSL1::JUNB, ZNF354A, FOSL1::JUND"
filter178_TGAGTnGATAAGTAC,MA1978.2_ZNF354A,9.537488288924312e-05,0.0838345220596447,"ZNF354A, FOXD3, SPIC"
filter44_nGGnnnGCAnnnAGn,MA1930.2_CTCF,9.606531667749607e-05,0.08444141335951905,"CTCF, CTCF, Mafb"
filter159_TTGACAnCnnCAGnG,MA0140.3_GATA1::TAL1,9.644429195809767e-05,0.08477453263116785,"GATA1::TAL1, CTCF, CTCF"
filter62_AAATnCnAnTAnnGn,MA1929.2_CTCF,9.839994917848482e-05,0.08649355532788816,"CTCF, CTCF, REL"
filter140_TCCnTAnnAGGnTAA,MA1714.2_ZNF675,9.854536594378072e-05,0.08662137666458325,"ZNF675, RARA::RXRG, CTCF"
filter173_nGnACTAnTnTnAGA,MA0052.5_MEF2A,0.00010173722232209581,0.08942701842112222,"MEF2A, MEF2C, Arid5a"
filter184_AGnTGnnnTTnAGAA,MA0494.2_Nr1h3::Rxra,0.00011979551935026311,0.09116297152334157,"Nr1h3::Rxra, CTCF, CTCF"
filter142_GCAnAnAnnnTnTCA,MA0631.2_Six3,0.00010952862114965711,0.0962756579905486,"Six3, Nr1h3::Rxra, CTCF"
filter45_nnnTTTCACATnTnC,MA0689.1_TBX20,0.0003098577890979781,0.0965702229670638,"TBX20, ZNF354A, TBR1"
filter7_TTnCATTnCACAAAT,MA0102.5_CEBPA,0.00011230702163678163,0.09871787201873106,"CEBPA, CTCF, CTCF"
filter77_AnnnnCnnCATGACn,MA1149.2_RARA::RXRG,0.00016616288725701533,0.10296551122767544,"RARA::RXRG, RARA::RXRA, RARG"
filter124_ATnnnTGnTnnAnnT,MA1978.2_ZNF354A,0.00012405511214441667,0.10904444357494225,"ZNF354A, PPARA::RXRA, DMRTA1"
filter23_nnTGnAGTCAnCnnT,MA1930.2_CTCF,0.0002299073628810877,0.11214252802423103,"CTCF, Nr1h3::Rxra, CTCF"
filter21_GCAnnTnAAATAnTG,MA1929.2_CTCF,0.00012972124971644128,0.11402497850075188,"CTCF, CTCF, Arid5a"
filter161_nAnnnnCTAnGCAnT,MA1930.2_CTCF,0.0001522245652720855,0.11527614826750188,"CTCF, CTCF, POU4F1"
filter141_GAnCTGGCACCAnnT,MA1929.2_CTCF,0.00013137282977226938,0.11547671736982479,"CTCF, NFIB, Hic1"
filter122_CTnGAnnCTnAAGnn,MA0140.3_GATA1::TAL1,0.00013243018412367746,0.11640613184471249,"GATA1::TAL1, CTCF, CTCF"
filter46_nTnTTGCATTnACAG,MA1978.2_ZNF354A,0.0001333208909595207,0.1171890631534187,"ZNF354A, ZNF547, MSANTD3"
filter104_ATAnnCAnnATnCTC,MA1929.2_CTCF,0.00013892066833620653,0.12211126746752554,"CTCF, CTCF, ZNF214"
filter19_AGCTATnTnCATnTA,MA1978.2_ZNF354A,0.00014479496284636184,0.12727477234195206,"ZNF354A, POU5F1B, POU3F1"
filter132_CAnAnTnAGnnnCTG,MA1930.2_CTCF,0.00017789331536632869,0.13287397225899628,"CTCF, LBX2, CTCF"
filter25_nnGnTCCTnCnAGGG,MA1929.2_CTCF,0.00015137599041881167,0.13305949557813546,"CTCF, RARA::RXRG, Nr1h3::Rxra"
filter149_nCTGnnAnAnnTnnA,MA1929.2_CTCF,0.00032659733628981336,0.1350538179123424,"CTCF, CTCF, GATA1::TAL1"
filter16_nCATCnATAAATAAn,MA1137.2_FOSL1::JUNB,0.00022936158711239774,0.14443503248061923,"FOSL1::JUNB, ZNF354A, FOSL1::JUND"
filter70_ATnnTTAnAACTnGC,MA0145.2_Tfcp2l1,0.00016452445501624613,0.14461699595928035,"Tfcp2l1, CTCF, CTCF"
filter47_TTCAAnGAnGnnAnA,MA1723.2_PRDM9,0.00031781904071714884,0.14468669864579314,"PRDM9, CTCF, ZNF675"
filter172_AACnnTTnAnAGAnG,MA1929.2_CTCF,0.0001693170195010696,0.14882966014144017,"CTCF, OSR2, CTCF"
filter27_nnTnAnAAGCATAGn,MA0788.1_POU3F3,0.0003343982726451422,0.15307835068388065,"POU3F3, POU3F2, POU5F1B"
filter90_nTTAGnnnTTATnnT,MA0117.3_Mafb,0.0001758675425039824,0.15458756986100053,"Mafb, CTCF, ERF::HOXB13"
filter169_TAnCAnnTTTCnnnC,MA1119.2_SIX2,0.0001772784224941537,0.1558277333723611,"SIX2, CTCF, GATA1::TAL1"
filter1_nGGAAnnCAAGnAAA,MA1929.2_CTCF,0.00018654378082949563,0.16397198334912666,"CTCF, ZNF675, GATA1::TAL1"
filter154_nGAnnnGAnGAAGCT,MA1929.2_CTCF,0.00019031121260448813,0.16728355587934507,"CTCF, CTCF, SPIC"
filter78_TnGTGnAAAATAnTG,MA1929.2_CTCF,0.00038312520580652265,0.1683206342698953,"CTCF, CTCF, GATA1::TAL1"
filter176_TCnTTATAGnnTnAA,MA0041.3_FOXD3,0.00020403718753170264,0.17934868784036662,"FOXD3, ZNF354A, ZNF418"
filter167_nnnnnTAnnTCTnTT,MA1978.2_ZNF354A,0.0002061560844035526,0.18121119819072273,"ZNF354A, CTCF, CTCF"
filter110_AGTATTnnTnTnnTG,MA1930.2_CTCF,0.0002108646581925333,0.18535003455123678,"CTCF, CTCF, FOXD3"
filter15_GAAnAnTnGTTnnTA,MA2323.1_Pgr,0.00021661511912662856,0.1904046897123065,"Pgr, ZNF354A, CTCF"
filter49_nnAnTTAnAnnTACA,MA1978.2_ZNF354A,0.00021661593821187264,0.19040540968823605,"ZNF354A, CTCF, CTCF"
filter162_nnTGGAnCTACAGAA,MA1929.2_CTCF,0.00021727979038099754,0.19098893574489684,"CTCF, ERF::HOXB13, CTCF"
filter182_TnAATGTGAACACTG,MA1607.2_Foxl2,0.00025762677048069005,0.1947533726108682,"Foxl2, CTCF, CTCF"
filter135_CTnATCTnTnAnnGA,MA0140.3_GATA1::TAL1,0.0002248000820709306,0.197599272140348,"GATA1::TAL1, RARA::RXRG, GATA1"
filter36_TCnAnTGTATnTGnA,MA1929.2_CTCF,0.00023534273312619813,0.20686626241792816,"CTCF, ZNF354A, CTCF"
filter150_nnCCTnCnTGCTnAG,MA1953.2_FOXO1::ELF1,0.00024793848980986244,0.21710364055778772,"FOXO1::ELF1, Zic2, FOXO1::ELK1"
filter53_CATTnAGTnTnGAnn,MA1930.2_CTCF,0.0002474472284693663,0.21750611382457297,"CTCF, CTCF, Nr1h3::Rxra"
filter181_GnnAACTTAnTTAnA,MA1978.2_ZNF354A,0.0008069392808995879,0.2208890767971215,"ZNF354A, DUXA, PHOX2A"
filter95_nTCATGTGTTnnnTn,MA1929.2_CTCF,0.0006160171434642647,0.2272205289776346,"CTCF, TFAP4, SREBF1"
filter186_nAAnnATnCAGGTAG,MA1930.2_CTCF,0.0002600218326576087,0.22855919090603805,"CTCF, GCM1, ZNF354A"
filter51_AnTTTAAGnnnnATG,MA1930.2_CTCF,0.0002651645265384639,0.23307961882730976,"CTCF, FOXD3, CTCF"
filter76_TAAnTnATnnnnCTn,MA1978.2_ZNF354A,0.0007745894839980005,0.23431832588542179,"ZNF354A, CTCF, Pax7"
filter112_CTATAGnATnTAACC,MA0041.3_FOXD3,0.0002934013869649865,0.24028415395087444,"FOXD3, CTCF, CTCF"
filter131_TACTGnAnnGnATAn,MA0140.3_GATA1::TAL1,0.00038105809821176173,0.2412475911241856,"GATA1::TAL1, ZBTB32, ZSCAN4"
filter55_GGTCTAnnnAGAnAT,MA0140.3_GATA1::TAL1,0.0003464325369580967,0.24426961785993978,"GATA1::TAL1, CTCF, FOXC1"
filter144_nAAnCTGTnnCTnTA,MA1148.2_PPARA::RXRA,0.0002911698997397627,0.24893161327796448,"PPARA::RXRA, Pparg::Rxra, GRHL2"
filter148_CATTGnACnTGnTnA,MA1978.2_ZNF354A,0.0009101668856676959,0.25539040303764493,"ZNF354A, CTCF, PPARA::RXRA"
filter101_nTTAATCTTGAnTGn,MA1978.2_ZNF354A,0.00044873549526980305,0.2616626832711573,"ZNF354A, PAX6, PAX8"
filter119_CTGnAGAnnATCTTn,MA1480.2_DPRX,0.000603477619468995,0.2660565551325799,"DPRX, Ptf1A, CTCF"
filter61_TnTCTGTACnnnnAG,MA0041.3_FOXD3,0.0003451861153795921,0.2666018509577062,"FOXD3, GATA1::TAL1, FOXC2"
filter88_nATTnCAGnTATnnA,MA1930.2_CTCF,0.0005458732313606829,0.2686185383134667,"CTCF, CTCF, Nr1h3::Rxra"
filter30_ACnTGAGGTTTTAAT,MA1930.2_CTCF,0.0007673114964454886,0.26946813620933247,"CTCF, ZNF667, RUNX3"
filter166_TGTCTnAnATGnTTA,MA1929.2_CTCF,0.0003202126702991359,0.28146693719294047,"CTCF, CTCF, ZNF354A"
filter89_TGnnnnGGCTnATTG,MA1930.2_CTCF,0.00033062127977245837,0.2906161049199909,"CTCF, CTCF, ZNF354A"
filter117_AnAATATACTTAnAn,MA0853.2_Alx4,0.003359147136102525,0.2925315679575593,"Alx4, Pgr, LBX1"
filter87_CTACTCAnTnATnGn,MA1929.2_CTCF,0.00033491946399333283,0.29439420885013956,"CTCF, CTCF, ZNF354A"
filter151_GnGnAnATTTAnGnA,MA1978.2_ZNF354A,0.00033652589826538293,0.2958062645752716,"ZNF354A, CTCF, FOXD3"
filter134_TTGGAAnATCTAnTC,MA1480.2_DPRX,0.0005470676363145133,0.3027117407947632,"DPRX, CTCF, CTCF"
filter179_nnAAnCnGnAnTTCT,MA1978.2_ZNF354A,0.00041520814771212056,0.30358353314638153,"ZNF354A, CTCF, CTCF"
filter171_TCTTAGGTCTnCnnn,MA0142.1_Pou5f1::Sox2,0.0004518135197708606,0.30543923282496244,"Pou5f1::Sox2, TBX19, GATA1::TAL1"
filter60_GnGAnTATGnnTATG,MA0788.1_POU3F3,0.0008521435684359924,0.30850194776893725,"POU3F3, POU3F1, POU5F1B"
filter67_TACnGAnTnTnTnTA,MA1978.2_ZNF354A,0.0003514076924214793,0.3088873616384803,"ZNF354A, CTCF, Pgr"
filter8_nTTnCTTGnAGnGnA,MA1983.2_ZNF582,0.00035177438053579646,0.3092096804909651,"ZNF582, CTCF, CTCF"
filter147_nTnATTnATnTnnAA,MA0699.2_LBX2,0.002514058373569772,0.31629914651597674,"LBX2, MIXL1, RAX2"
filter127_AnCAnnnnTTnAnTn,MA1124.1_ZNF24,0.0007244471719998202,0.31805500918016993,"ZNF24, RARA::RXRG, Hmx2"
filter33_CnAAAnTGAATTnnG,MA1978.2_ZNF354A,0.00036921497652286916,0.324539964363602,"ZNF354A, Lhx3, RARA::RXRG"
filter165_TGnTCAnAnACTnTn,MA0140.3_GATA1::TAL1,0.0011657563266583848,0.3278940871851851,"GATA1::TAL1, RORB, HSF4"
filter82_AnAnATTTGAnCTnn,MA1930.2_CTCF,0.0004998002484883912,0.33309343800501023,"CTCF, TCF7L2, Hnf1A"
filter125_TCnCAACATnnTnCT,MA1930.2_CTCF,0.0006391453953474846,0.3414416878027497,"CTCF, Pgr, TBX19"
filter42_AnTTAGATTTTnCTA,MA0792.1_POU5F1B,0.0006614867487900744,0.3498572812544708,"POU5F1B, POU2F1, POU3F1"
filter12_CTTGnnAnATCAATn,MA1978.2_ZNF354A,0.000797709499307131,0.35860753349575786,"ZNF354A, DMRTA1, DMRTC2"
filter157_nATCTnATnnAnCAC,MA0041.3_FOXD3,0.0004103491910935064,0.36069693897119215,"FOXD3, CTCF, DMRTA1"
filter187_TCACAnTGATnTnCA,MA1978.2_ZNF354A,0.0006427725854147859,0.3694027152637476,"ZNF354A, CTCF, TBX19"
filter105_AnnnTGCAGACTnCA,MA0117.3_Mafb,0.0008990488452569334,0.3890175895630552,"Mafb, MAFF, NRL"
filter24_TTGTnTTTGnnnATG,MA1929.2_CTCF,0.000674099519875071,0.39195123311725266,"CTCF, FOXD3, GATA1::TAL1"
filter83_AAnTACAnTTnnAnT,MA1978.2_ZNF354A,0.00044991575830477526,0.39547595154989745,"ZNF354A, NR6A1, CTCF"
filter92_nACCTnnGnnTATnn,MA1148.2_PPARA::RXRA,0.0004592630691255817,0.4036922377613863,"PPARA::RXRA, ZNF558, ZNF354A"
filter80_nnnnnGCnnGTnAGA,MA1148.2_PPARA::RXRA,0.000567659339540505,0.414401851377005,"PPARA::RXRA, GATA1::TAL1, Hand1::Tcf3"
filter91_nnTnAGTnGTAGGAA,MA1929.2_CTCF,0.0009251709366754346,0.41572506796084013,"CTCF, CTCF, GATA1::TAL1"
filter121_TGAnnAAnnATnCTn,MA1929.2_CTCF,0.0007277080862494456,0.4198294649782852,"CTCF, PAX6, CTCF"
filter39_AnGAnnnCAGGTTCn,MA1929.2_CTCF,0.0008383080805711707,0.4232365125929117,"CTCF, ZNF354A, RARA::RXRG"
filter126_nGnnnTTCTnnAnTA,MA0771.1_HSF4,0.0004975971487342079,0.4299298716534158,"HSF4, ZBTB26, CTCF"
filter9_GGTCTAnAnnCnATn,MA0041.3_FOXD3,0.0004958678466364663,0.4358678371934539,"FOXD3, CTCF, CTCF"
filter128_nTAGATAGnGACAAn,MA2120.1_ZNF184,0.0005561036432056854,0.43846057488742873,"ZNF184, ZNF354A, GATA4"
filter58_ATTTACAGnAGAnAn,MA1978.2_ZNF354A,0.0005440017756156434,0.4439469876796466,"ZNF354A, Pou5f1::Sox2, CTCF"
filter185_nTTAAGnTGATGGnA,MA1930.2_CTCF,0.0005065604201215379,0.4452666092868318,"CTCF, RARA::RXRG, ZNF354A"
filter81_CCTGnTGAAnnAAAT,MA1929.2_CTCF,0.0005093223157829341,0.44769431557319905,"CTCF, CTCF, FLI1::DRGX"
filter168_nTnGnTGnATGnGTC,MA1930.2_CTCF,0.0006058673064396336,0.44981060633821013,"CTCF, CTCF, NKX6-3"
filter183_nTnnCnTnnCATAGT,MA1930.2_CTCF,0.0006312079050538877,0.458228457452414,"CTCF, CTCF, POU3F3"
filter2_nATGCTGCTAnnnTA,MA0140.3_GATA1::TAL1,0.0006074844419438064,0.4722464913679875,"GATA1::TAL1, Spz1, CTCF"
filter3_TAnnAATnGTAGCAT,MA1978.2_ZNF354A,0.001017567189831703,0.49046561693106944,"ZNF354A, CTCF, CTCF"
filter190_nAnTGTGAAnTnnTC,MA0102.5_CEBPA,0.000565841874319295,0.4973750075266603,"CEBPA, CTCF, ZNF354A"
filter177_ATTGTnAGAnATnAn,MA0140.3_GATA1::TAL1,0.00196744634361945,0.5210394080406475,"GATA1::TAL1, PPARA::RXRA, CTCF"
filter32_nnnAnAGTnTGTTCA,MA2323.1_Pgr,0.0006937859169325877,0.5380938666718913,"Pgr, CTCF, ZKSCAN1"
filter22_TnGGTAnnCTnnAnC,MA1930.2_CTCF,0.0010198068878843891,0.5397672831064793,"CTCF, CTCF, GATA1::TAL1"
filter13_nAGnTTnCAGCAGTn,MA1720.2_ZNF85,0.0006151993343869178,0.5407602149261007,"ZNF85, Rhox11, CTCF"
filter29_nAAGCnTTTnGAnTn,MA1929.2_CTCF,0.001092489959789833,0.5434014974327084,"CTCF, ZNF354A, HSF4"
filter93_ATTAnnTGTGnCnnG,MA0140.3_GATA1::TAL1,0.0007965414044003305,0.5458936852311087,"GATA1::TAL1, CTCF, ZNF354A"
filter109_GTnTTTGAAAAnnTA,MA0792.1_POU5F1B,0.0014436096234474727,0.5485206554031452,"POU5F1B, POU3F3, POU2F1"
filter136_GnnTAnTTAGCTnTT,MA1978.2_ZNF354A,0.0007689364397096554,0.5488599714536679,"ZNF354A, Lhx1, Pgr"
filter52_nnnnnnnCATGACTA,MA1101.3_BACH2,0.002691118208791199,0.5498368460045394,"BACH2, TP73, USF1"
filter115_TnnTCnnACTAnTCn,MA0041.3_FOXD3,0.0012696166321454205,0.5630936671187605,"FOXD3, ZNF675, CTCF"
filter107_CAnAnnTnnTnAnAC,MA0807.1_TBX5,0.0017624485627020237,0.5669315871250634,"TBX5, TBX2, CTCF"
filter43_CTnGCAAAnnTnTnG,MA1930.2_CTCF,0.0012979268095690832,0.5715988827041991,"CTCF, ZNF354A, CTCF"
filter130_ATGGnnAnCATGCnn,MA1978.2_ZNF354A,0.000999214717986474,0.5848749152331365,"ZNF354A, CTCF, CTCF"
filter113_TAGnAAnnCTCAnAT,MA0140.3_GATA1::TAL1,0.0007202568160699085,0.586872427323239,"GATA1::TAL1, RFX7, CTCF"
filter160_TTGnCTCTnAAnTTA,MA0041.3_FOXD3,0.000698964250030798,0.5878282242430637,"FOXD3, Prdm14, ZNF354A"
filter175_AGnnnCTCTAATnTn,MA0035.5_GATA1,0.0009976360406894758,0.6008887409268898,"GATA1, GATA6, TRPS1"
filter11_nnTGTAGAnTCnnTT,MA1929.2_CTCF,0.0006889049242029266,0.6055474283743725,"CTCF, CTCF, Pgr"
filter18_AnATAAnCTnCAnTA,MA1978.2_ZNF354A,0.0008957326511671582,0.6187254446289694,"ZNF354A, CTCF, CTCF"
filter94_nnGGTAnATGAGnnT,MA1978.2_ZNF354A,0.0007609223669359233,0.6200433067554274,"ZNF354A, ZNF157, FOXD3"
filter123_nCATTTTCAAAAnTn,MA1929.2_CTCF,0.0007700194976635322,0.6768471384462448,"CTCF, CTCF, Irf1"
filter120_AAnnCAnTTCTAnCG,MA1978.2_ZNF354A,0.0014076719710968133,0.6768849758207041,"ZNF354A, ZNF35, ZNF677"
filter71_GTAnCATGnnnTnAn,MA1541.2_NR6A1,0.001861599931493041,0.6903327634883671,"NR6A1, CREB3L4, RARG"
filter189_GnAnATTTnGAATGA,MA1929.2_CTCF,0.0014520848000352249,0.6929834220104161,"CTCF, ZNF354A, POU3F3"
filter54_nnAAATTAnTTGTGn,MA1978.2_ZNF354A,0.004649810411158306,0.7334138784368874,"ZNF354A, BARX2, GSX1"
filter139_AnnCnGTATTATCCA,MA1929.2_CTCF,0.0014706669669123373,0.7539496392830348,"CTCF, Hmx2, Nr1h3::Rxra"
filter99_nCATnAnTATAGnCC,MA1978.2_ZNF354A,0.0008939883711226448,0.7858157782168048,"ZNF354A, Nr1h3::Rxra, FOXD3"
filter153_TnAnTTCAnTnCATA,MA1978.2_ZNF354A,0.002580835443303897,0.8217139721498997,"ZNF354A, NR1I2, SREBF2"
filter65_nAAAnTAGTCnTnGn,MA2323.1_Pgr,0.003268748306914815,0.8581665688138836,"Pgr, Lhx3, ZSCAN21"
filter72_nGnnGAnTAnAATTn,MA0891.2_GSC2,0.003950291645929194,0.8589467321888035,"GSC2, ZNF354A, Nr1h3::Rxra"
filter31_nAAATCATnnnnTTA,MA1978.2_ZNF354A,0.0025030884176749923,0.8685195304721617,"ZNF354A, PHOX2A, SOX18"
filter63_CATATnTnnAAnnAC,MA1978.2_ZNF354A,0.004652233192866895,0.8916546088217094,"ZNF354A, POU3F2, POU5F1B"
filter137_nTnnnTAGAnAnCAn,MA1998.2_Prdm14,0.00512127048234301,0.9460571679717407,"Prdm14, FOXB1, MEF2D"
filter57_nCATnGCAAnCAnAT,MA1724.2_Rfx6,0.0034329431491425533,0.9518415738296282,"Rfx6, FOXD3, CTCF"
filter59_nAAGTAGTCnAGnnn,MA0067.3_PAX2,0.003453471728977142,0.9999598669502222,"PAX2, PAX8, Nr1h3::Rxra"
filter85_nTGTTAGnCAATnnn,MA1980.1_ZNF418,0.008375360341284388,0.9999995029303441,"ZNF418, ZNF354A, Pou5f1::Sox2"
filter34_nGCAGCATGCCTnGT,MA1929.2_CTCF,0.0019187945092666858,0.9999998567411598,"CTCF, NFIB, CTCF"
filter146_TAACTnTATnCCTGA,MA2002.2_Zfp335,0.003148184101682605,0.9999999454625785,"Zfp335, CTCF, ZNF157"
filter74_nAATATnTTGCCTCA,MA0495.4_MAFF,0.004819721910820807,0.9999999772630587,"MAFF, Mafb, ZNF558"
filter158_nnATGTTCATnnCAA,MA1930.2_CTCF,0.0025719080979003106,0.9999999821050176,"CTCF, Pou5f1::Sox2, CTCF"
filter106_nTTTnAAGAGAnAnn,MA0140.3_GATA1::TAL1,0.0020314749780441232,0.9999999942334812,"GATA1::TAL1, NKX2-4, NKX2-8"
filter129_nCAnACnAnTATTTn,MA1978.2_ZNF354A,0.0017635445058450383,0.9999999974726059,"ZNF354A, BARX2, ZNF184"
filter116_nnnCAGTAGAAnCTn,MA1929.2_CTCF,0.0014034903209491079,0.9999999997867371,"CTCF, Tfcp2l1, CTCF"
filter28_nTCTGCTnnAnCAnA,MA1929.2_CTCF,0.00237162881595665,0.9999999999507059,"CTCF, CTCF, GATA1::TAL1"
filter37_nnTCnTATAGTAGnT,MA1978.2_ZNF354A,0.001271514677399832,0.999999999998514,"ZNF354A, ZKSCAN1, CTCF"
filter84_CCAAnnnTnTTAGTA,MA1929.2_CTCF,0.0013457614952588903,0.9999999999994494,"CTCF, CTCF, HSF4"
filter102_AnATnTGCAAnnATn,MA1978.2_ZNF354A,0.00544259413799153,0.9999999999997967,"ZNF354A, CTCF, CTCF"
filter75_TnAnATACACnAnGA,MA0846.2_FOXC2,0.00601189522076262,0.9999999999998239,"FOXC2, Irf1, CTCF"
filter174_TAATnTCTnnnACAG,MA1929.2_CTCF,0.0011585443856663158,0.9999999999999144,"CTCF, GATA1::TAL1, CTCF"
filter20_AAATnTTnnTTTCTT,MA1944.2_ETV5::DRGX,0.0036817959727609706,1.0,"ETV5::DRGX, Pgr, Hmx2"
filter50_CTTAnCTnAnAnTAT,MA1143.2_FOSL1::JUND,0.0029574457224225137,1.0,"FOSL1::JUND, ZNF354A, POU3F3"
